id,name,country_id:id,street,street2,zip,city,phone,mobile,use_b2c_info,door_code,door_code2,intercom,email
res_partner_dih,Alain DIH,base.fr,10 rue de la manche,immeuble 1,59001,Béthune,01.55.69.89.67,06.78.71.96.64,t,27753,15422,23091,alain.dih@hotmail.com
res_partner_diss,Amar DISSOIR,base.fr,41 bd Saint Jacques,immeuble 2,75014,Paris,01.55.69.89.79,06.78.71.96.76,t,34479,22148,29817,amar.dissoir@free.fr
res_partner_voj,Andy VOJHANBON,base.fr,150 avenue des champs élysées,immeuble 3,75008,Paris,01.55.69.89.73,06.78.71.96.70,t,31116,18785,26454,andy.vojanbhon@free.fr
res_partner_honnete,Camille HONNETE,base.fr,16 r Letort,immeuble 4,75018,Paris,01.55.69.89.83,06.78.71.96.80,t,36721,24390,32059,camille.honnete@free.fr
res_partner_honxa,Cécile HONXA,base.fr,15 rue du basket,immeuble 5,87100,Limoges,01.55.69.89.69,06.78.71.96.66,t,28874,16543,24212,cecile.honxa@laposte.net
res_partner_bi,César BI,base.fr,39 av Champs Elysées,immeuble 6,75008,Paris,01.55.69.89.77,06.78.71.96.74,t,33358,21027,28696,cesar.bi@free.fr
res_partner_dubol,Ella DUBOL,base.fr,25 r Oscar Roty,immeuble 7,75015,Paris,01.55.69.89.89,06.78.71.96.86,t,40084,27753,35422,ella.dubol@free.fr
res_partner_debord,Elvire DEBORD,base.fr,3 r Dancourt,immeuble 8,75018,Paris,01.55.69.89.75,06.78.71.96.72,t,32237,19906,27575,elvire.debord@free.fr
res_partner_vencouran,Harry VENCOURAN,base.fr,148 av Félix Faure,immeuble 9,75015,Paris,01.55.69.89.93,06.78.71.96.90,t,42326,29995,37664,harry.vencouran@free.fr
res_partner_aze,Hélène AZE,base.fr,270 r Fbg Saint Antoine,immeuble 10,75012,Paris,01.55.69.89.85,06.78.71.96.82,t,37842,25511,33180,helene.aze@free.fr
res_partner_nhastic0,Jim NHASTIC,base.fr,150 rue Vauban,immeuble 11,69001,Lyon,01.55.69.89.63,06.78.71.96.60,t,25511,13180,20849,jim.nhastic@google.fr
res_partner_ajum,Karl AJUMIDE,base.be,25 r Caumartin,immeuble 12,1070,Anderlecht,‘+32678719668,‘+32478719669,t,38963,26632,34301,karl.ajumide@free.fr
res_partner_cley,Lara CLEYTE,base.fr,15 avenue de France,immeuble 13,74001,Annecy,01.55.69.89.71,06.78.71.96.68,t,29995,17664,25333,lara.cleyte@yahoo.fr
res_partner_baral,Lenny BARALAIR,base.fr,7 r de Berri,immeuble 14,75008,Paris,01.55.69.89.91,06.78.71.96.88,t,41205,28874,36543,lenny.baralair@free.fr
res_partner_camet0,Léon CAMET,base.mq,3 rue d'à côté,immeuble 15,97200,Fort de France,01.55.69.89.61,06.78.71.96.58,t,24390,12059,19728,leon.camet@gmail.com
res_partner_pancuir,Leslie PANCUIR,base.es,13 r Odessa,immeuble 16,28455,Madrid,01.55.69.89.81,06.78.71.96.78,t,35600,23269,30938,leslie.pancuir@free.fr
res_partner_stou,Marie STOURNE,base.fr,9 r Vauvilliers,immeuble 17,75001,Paris,01.55.69.89.97,06.78.71.96.94,t,44568,32237,39906,marie.stourne@free.fr
res_partner_austin0,Mini AUSTIN,base.au,6 perth avenue Yarralula,immeuble 18,2000,Sydney,61 3 1234 5678,06 73 12 11 11,t,,,,mini@bmw.com
res_partner_hamploye0,Paul HAMPLOYE,base.fr,13 rue de l'impasse,immeuble 19,13001,Marseille,01.55.69.89.65,06.78.71.96.62,t,26632,14301,21970,paul.hamploye@orange.fr
res_partner_valyi0,Raphaël VALYI,base.br,"Rua Paulo Dias, 586",immeuble 20,18825,Aluminio,123 456-7890,06.55.78.90,t,47545,79666,87886,val@google.com.br
res_partner_bif,Rose BIF,base.fr,78 Bis av Marceau,immeuble 21,75008,Paris,01.55.69.89.99,06.78.71.96.96,t,45689,33358,41027,rose.bif@free.fr
res_partner_beau0,Sebastian BEAU,base.co,Avenida Calle 63,immeuble 22,6995,Bogota,437.706,06.99.99.33.33,t,45122,78126,78456,sbeau@yahoo.fr
res_partner_anht0,Serge ANHT,base.gp,rue de l'avenir,immeuble 23,97110,Pointe-à-Pitre,735 987 2222,06 87 22 72 82,t,45122,78126,78456,anht@muette.fr
res_partner_romanisky0,Sylvie ROMANISKY,base.hu,Ambassade de France,"Lendway ut ca 27,",1062,Budapest,0036 1 438 8080,06 51 438 8080,t,45122,78126,78456,sromanisky@google.hu
res_partner_mq_stou,Marie STOURHNE,base.mq,rue germain,bla bla,97212,Saint Joseph,01.55.69.89.97,06.78.71.96.94,t,44568,32237,39906,marie.stourne@free.fr
res_partner_gp_ahjum,Karl AHJUMIDE,base.gp,7 r de Berri,bla bla,97120,Saint Claude,01.55.69.89.87,06.78.71.96.84,t,38963,26632,34301,karl.ajumide@free.fr
